<schema xmlns="http://www.sooda.org/schemas/SoodaSchema.xsd">
  <datasource name="default" type="Sooda.Sql.SqlDataSource" />

  <class name="Video">
    <table name="Video">
      <field name="Id" type="Integer" primaryKey="true" nullable="false" />
      <field name="Title" type="String" nullable="false" />
      <field name="Category" type="Integer" references="VideoCategory" prefetch="1" />
      <field name="Status" type="Integer" references="VideoStatus" prefetch="1" />
      <field name="RentedOutTo" dbcolumn="rented_out_to" type="Integer" references="Customer" />
      <field name="RentedDate" dbcolumn="rented_date" type="DateTime" nullable="true" />
      <field name="ReturnedDate" dbcolumn="returned_date" type="DateTime" nullable="true" />
      <field name="DirectedBy" dbcolumn="director" type="Integer" references="Artist" prefetch="1" />
      <field name="YearOfProduction" dbcolumn="year_of_production" type="Integer" />
    </table>
    <collectionOneToMany name="History" class="VideoHistory" foreignField="Video" />
    <collectionManyToMany name="Actors" relation="Actor2Video" masterField="0" />
  </class>
  
  <class name="Person" 
         subclassSelectorField="Type">
    <table name="Person">
      <field name="Id" type="Integer" primaryKey="true" nullable="false" />
      <field name="Type" type="Integer" nullable="false" />
      <field name="Name" type="String" nullable="false" />
    </table>
  </class>

  <class name="Employee" 
         inheritFrom="Person" 
         subclassSelectorValue="1">
    <table name="Employee">
      <field name="Id" type="Integer" primaryKey="true" nullable="false" />
      <field name="Login" type="String" nullable="false" />
    </table>
    <const name="Edward" key="1" />
    <const name="Admin" key="2" />
  </class>

  <class name="Customer" 
         inheritFrom="Person" 
         subclassSelectorValue="2">
    <table name="Customer">
      <field name="Id" type="Integer" primaryKey="true" nullable="false" />
      <field name="Email" type="String" nullable="false" />
      <field name="Address" type="String" nullable="false" />
    </table>
  </class>

  <class name="VideoHistory">
    <table name="VideoHistory">
      <field name="Id" type="Integer" primaryKey="true" nullable="false" />
      <field name="Video" dbcolumn="video_id" type="Integer" references="Video" nullable="false" />
      <field name="Person" dbcolumn="person_id" type="Integer" references="Person" nullable="false" onDelete="Cascade"/>
      <field name="TimeStamp" dbcolumn="time_stamp" type="DateTime" nullable="true" />
      <field name="ActionType" dbcolumn="action_type" type="Integer" references="VideoHistoryActionType" nullable="false" />
      <field name="Comment" type="String" nullable="false" />
    </table>
  </class>

  <class name="VideoCategory">
    <table name="VideoCategory">
      <field name="Id" type="Integer" primaryKey="true" nullable="false" />
      <field name="Name" type="String" nullable="false" />
    </table>
  </class>

  <class name="VideoStatus">
    <table name="VideoStatus">
      <field name="Id" type="Integer" primaryKey="true" nullable="false" />
      <field name="Name" type="String" nullable="false" />
    </table>
    <const name="RentedOut" key="1" />
    <const name="Available" key="2" />
    <const name="Damaged" key="3" />
    <const name="Lost" key="4" />
  </class>

  <class name="VideoHistoryActionType">
    <table name="VideoHistoryActionType">
      <field name="Id" type="Integer" primaryKey="true" nullable="false" />
      <field name="Name" type="String" nullable="false" />
    </table>
    <const name="RentedOut" key="1" />
    <const name="Returned" key="2" />
    <const name="Lost" key="3" />
    <const name="Damaged" key="4" />
    <const name="Created" key="5" />
    <const name="Deactivated" key="6" />
  </class>

  <class name="Artist">
    <table name="Artist">
      <field name="Id" type="Integer" primaryKey="true" nullable="false" />
      <field name="Name" type="String" nullable="false" />
    </table>
    <const name="ChuckNorris" key="1" />
    <const name="ValKilmer" key="2"/>
    <const name="OmarSharif" key="3"/>
  </class>

  <relation name="Actor2Video">
    <table name="Actor2Video">
      <field name="Actor" dbcolumn="actor_id" type="Integer" references="Artist" />
      <field name="Video" dbcolumn="video_id" type="Integer" references="Video" />
    </table>
  </relation>

</schema>
